id,name,ranking,team_id
0,Empty
1,Alex Ovechkin,1,29
2,Sidney Crosby,2,23
3,Steven Stamkos,3,26
4,Tyler Seguin,4,10
5,John Tavares,5,19
6,Jamie Benn,6,10
7,Carey Price,7,16
8,Claude Giroux,8,22
9,Evgeni Malkin,9,23
10,Phil Kessel,10,23
11,Corey Perry,11,1
12,Henrik Lundqvist,12,20
13,Erik Karlsson,13,21
14,Vladimir Tarasenko,14,25
15,Jonathan Toews,15,7
16,P.K. Subban,16,16
17,Rick Nash,17,20
18,Jakub Voracek,18,22
19,Joe Pavelski,19,24
20,Patrick Kane,20,7
21,Ryan Getzlaf,21,1
22,Jonathan Quick,22,14
23,Pekka Rinne,23,18
24,Logan Couture,24,24
25,Braden Holtby,25,29
26,Zach Parise,26,15
27,Anze Kopitar,27,14
28,Ben Bishop,28,26
29,Devan Dubnyk,29,15
30,Ryan Johansen,30,8
31,Marc-Andre Fleury,31,23
32,Nathan MacKinnon,32,9
33,Tuukka Rask,33,3
34,Henrik Zetterberg,34,11
35,Mark Giordano,35,6
36,Dustin Byfuglien,36,30
37,Tyler Johnson,37,26
38,Kevin Shattenkirk,38,25
39,Max Pacioretty,39,16
40,Nick Foligno,40,8
41,Jordan Eberle,41,12
42,Taylor Hall,42,12
43,Corey Crawford,43,7
44,James van Riemsdyk,44,27
45,Brent Burns,45,24
46,Connor McDavid,46,12
47,Gabriel Landeskog,47,9
48,David Backes,48,25
49,Duncan Keith,49,7
50,Shea Weber,50,18
51,Drew Doughty,51,14
52,Cory Schneider,52,17
53,Victor Hedman,53,26
54,Keith Yandle,54,20
55,Alex Pietrangelo,55,25
56,Kris Letang,56,23
57,Roman Josi,57,18
58,Nikita Kucherov,58,26
59,Sergei Bobrovsky,59,8
60,Roberto Luongo,60,13
61,Nicklas Backstrom,61,29
62,Blake Wheeler,62,30
63,Filip Forsberg,63,18
64,Alexander Steen,64,25
65,Daniel Sedin,65,28
66,Andrew Ladd,66,30
67,John Carlson,67,29
68,Patrice Bergeron,68,3
69,Kyle Turris,69,21
70,James Neal,70,18
71,Johnny Gaudreau,71,6
72,Tomas Tatar,72,11
73,Semyon Varlamov,73,9
74,Matt Duchene,74,9
75,Jaroslav Halak,75,19
76,Ryan Miller,76,28
77,Oliver Ekman-Larsson,77,2
78,Pavel Datsyuk,78,11
79,Ryan Nugent-Hopkins,79,12
80,Patrick Marleau,80,24
81,Steve Mason,81,22
82,Henrik Sedin,82,28
83,T.J. Oshie,83,29
84,Tyson Barrie,84,9
85,Patrick Sharp,85,10
86,Chris Kreider,86,20
87,Sean Monahan,87,6
88,Jonas Hiller,88,6
89,Aaron Ekblad,89,13
90,Bryan Little,90,30
91,Ryan McDonagh,91,20
92,Jiri Hudler,92,6
93,Eric Staal,93,5
94,Evander Kane,94,4
95,Wayne Simmonds,95,22
96,Kyle Okposo,96,19
97,Brandon Saad,97,8
98,Jason Spezza,98,10
99,Brian Elliott,99,25
100,Marian Hossa,100,7
101,Jake Allen,101,25
102,Mike Green,102,11
103,Jack Eichel,103,4
104,Justin Faulk,104,5
105,Jaden Schwartz,105,25
106,Ondrej Palat,106,26
107,Ondrej Pavelec,107,30
108,Jarome Iginla,108,9
109,Sami Vatanen,109,1
110,Gustav Nyquist,110,11
111,Dougie Hamilton,111,6
112,Jeff Carter,112,14
113,Ryan Kesler,113,1
114,Frederik Andersen,114,1
115,Chris Kunitz,115,23
116,Craig Anderson,116,21
117,Brad Marchand,117,3
118,Dennis Wideman,118,6
119,Patric Hornqvist,119,23
120,Tyler Toffoli,120,14
121,Radim Vrbata,121,28
122,Joe Thornton,122,24
123,Jeff Skinner,123,5
124,Jimmy Howard,124,11
125,Derek Stepan,125,20
126,Bobby Ryan,126,21
127,Torey Krug,127,3
128,Mark Scheifele,128,30
129,Andrei Markov,129,16
130,Jonathan Huberdeau,130,13
131,Mark Stone,131,21
132,Mark Streit,132,22
133,Martin Jones,133,24
134,T.J. Brodie,134,6
135,Craig Smith,135,18
136,Milan Lucic,136,14
137,Scott Hartnell,137,8
138,Derick Brassard,138,20
139,Marian Gaborik,139,14
140,Thomas Vanek,140,15
141,Niklas Kronwall,141,11
142,Alex Galchenyuk,142,16
143,Nick Bjugstad,143,13
144,Tyler Ennis,144,4
145,Kari Lehtonen,145,10
146,Anders Lee,146,19
147,Brendan Gallagher,147,16
148,Mike Smith,148,2
149,Nick Leddy,149,19
150,Nail Yakupov,150,12
151,Brent Seabrook,151,7
152,Brayden Schenn,152,22
153,Kevin Hayes,153,20
154,Cam Atkinson,154,8
155,Olli Maatta,155,23
156,Ryan Strome,156,19
157,Mikko Koivu,157,15
158,Troy Brouwer,158,25
159,Jonathan Bernier,159,27
160,Ryan O'Reilly,160,4
161,Max Domi,161,2
162,Ryan Callahan,162,26
163,Cam Talbot,163,12
164,Andrew Hammond,164,21
165,Evgeny Kuznetsov,165,29
166,Drew Stafford,166,30
167,Antti Niemi,167,10
168,John Klingberg,168,10
169,Jaromir Jagr,169,13
170,Mike Hoffman,170,21
171,David Pastrnak,171,3
172,Tomas Plekanec,172,16
173,Mats Zuccarello,173,20
174,Matt Niskanen,174,29
175,Johnny Boychuk,175,19
176,Jake Muzzin,176,14
177,Ryan Suter,177,15
178,David Perron,178,23
179,Valtteri Filppula,179,26
180,Justin Williams,180,29
181,Jonathan Drouin,181,26
182,Tomas Hertl,182,24
183,Jason Pominville,183,15
184,Brandon Dubinsky,184,8
185,Carl Soderberg,185,9
186,Paul Stastny,186,25
187,Petr Mrazek,187,11
188,Marek Zidlicky,188,19
189,Andrej Sekera,189,12
190,David Krejci,190,3
191,Jacob Trouba,191,30
192,Brandon Pirri,192,13
193,Mike Cammalleri,193,17
194,Carl Hagelin,194,1
195,Colin Wilson,195,18
196,Dan Boyle,196,20
197,Hampus Lindholm,197,1
198,Dion Phaneuf,198,27
199,Nick Bonino,199,23
200,James Wisniewski,200,5
201,Aleksander Barkov,201,13
202,Mikael Granlund,202,15
203,Cam Fowler,203,1
204,Alex Killorn,204,26
205,Zdeno Chara,205,3
206,Loui Eriksson,206,3
207,Nazem Kadri,207,27
208,Joffrey Lupul,208,27
209,Alexander Edler,209,28
210,Adam Henrique,210,17
211,Cam Ward,211,5
212,Matt Moulson,212,4
213,Jakob Silfverberg,213,1
214,Jori Lehtera,214,25
215,Brian Campbell,215,13
216,Johan Franzen,216,11
217,Elias Lindholm,217,5
218,Marko Dano,218,7
219,Reilly Smith,219,13
220,Erik Johnson,220,9
221,Anton Stralman,221,26
222,Eddie Lack,222,5
223,Jimmy Hayes,223,3
224,Seth Jones,224,18
225,Robin Lehner,225,4
226,Jack Johnson,226,8
227,Frans Nielsen,227,19
228,Alex Goligoski,228,10
229,Mike Ribeiro,229,18
230,Mike Fisher,230,18
231,Alex Stalock,231,24
232,Clarke MacArthur,232,21
233,Brad Richards,233,11
234,Justin Abdelkader,234,11
235,Brock Nelson,235,19
236,Christian Ehrhoff,236,14
237,Tommy Wingels,237,24
238,Tyler Bozak,238,27
239,Matt Dumba,239,15
240,Anton Khudobin,240,1
241,Alex Tanguay,241,9
242,Marcus Johansson,242,29
243,Steve Downie,243,2
244,Kris Russell,244,6
245,Andrei Vasilevskiy,245,26
246,Ryan Ellis,246,18
247,Jared Spurgeon,247,15
248,J.T. Miller,248,20
249,Kris Versteeg,249,5
250,John Gibson,250,1
251,Jiri Tlusty,251,17
252,Brayden McNabb,252,14
253,Mathieu Perreault,253,30
254,Danny DeKeyser,254,11
255,Peter Holland,255,27
256,Morgan Rielly,256,27
257,Jason Garrison,257,26
258,Antoine Vermette,258,2
259,Kevin Klein,259,20
260,Michael Raffl,260,22
261,Dustin Brown,261,14
262,David Savard,262,8
263,Cody Franson,263,4
264,Mika Zibanejad,264,21
265,Nino Niederreiter,265,15
266,Sam Bennett,266,6
267,Charlie Coyle,267,15
268,Darnell Nurse,268,12
269,Alec Martinez,269,14
270,Dan Girardi,270,20
271,Brad Boyes,271,27
272,Rasmus Ristolainen,272,4
273,Shane Doan,273,2
274,Darren Helm,274,11
275,Marco Scandella,275,15
276,Karri Ramo,276,6
277,Jussi Jokinen,277,13
278,Travis Hamonic,278,19
279,Benoit Pouliot,279,12
280,David Rundblad,280,7
281,Mason Raymond,281,6
282,David Desharnais,282,16
283,Niklas Hjalmarsson,283,7
284,Cody Eakin,284,10
285,Matt Irwin,285,3
286,Matt Read,286,22
287,Riley Sheahan,287,11
288,Zemgus Girgensons,288,4
289,Derrick Pouliot,289,23
290,Michael Ryder,290,17
291,Patrik Berglund,291,25
292,Alexander Semin,292,16
293,Bryan Bickell,293,7
294,Chris Stewart,294,1
295,Jannik Hansen,295,28
296,Joel Ward,296,24
297,Mikkel Boedker,297,2
298,Oscar Klefbom,298,12
299,Sean Couturier,299,22
300,Tyler Myers,300,30
301,James Reimer,301,27
302,Michael Del Zotto,302,22
303,Jay Bouwmeester,303,25
304,Travis Zajac,304,17
305,Trevor Daley,305,7
306,Artem Anisimov,306,7
307,Toby Enstrom,307,30
308,Alexandre Burrows,308,28
309,Jake Gardiner,309,27
310,Sam Gagner,310,22
311,Thomas Greiss,311,19
312,Adam Larsson,312,17
313,Antoine Roussel,313,10
314,Matthew Carle,314,26
315,Michael Grabner,315,27
316,Victor Rask,316,5
317,Kyle Palmieri,317,17
318,Jonas Brodin,318,15
319,Andrew Cogliano,319,1
320,Curtis Glencross,320,9
321,Milan Michalek,321,21
322,David Legwand,322,4
323,Darcy Kuemper,323,15
324,Justin Schultz,324,12
325,Andy Greene,325,17
326,Jakub Kindl,326,11
327,Mattias Ekholm,327,18
328,Pierre-Alexandr Parenteau,328,27
329,Marc-Edouard Vlasic,329,24
330,Scott Darling,330,7
331,Teddy Purcell,331,12
332,Zach Bogosian,332,4
333,Anton Lander,333,12
334,Josh Bailey,334,19
335,Marc Staal,335,20
336,Matt Cullen,336,23
337,Michael Frolik,337,6
338,Patrik Elias,338,17
339,Jean-Gabriel Pageau,339,21
340,William Nylander,340,27
341,Jordan Staal,341,5
342,Justin Fontaine,342,15
343,Michael Hutchinson,343,30
344,Ryan Spooner,344,3
345,Patrick Maroon,345,1
346,Tomas Kopecky,346,7
347,Nick Ritchie,347,1
348,Sonny Milano,348,8
349,Andrew Shaw,349,7
350,Antti Raanta,350,20
351,Keith Kinkaid,351,17
352,Alex Chiasson,352,21
353,Derek Dorsett,353,28
354,Scottie Upshall,354,25
355,Steve Ott,355,25
356,Matt Beleskey,356,3
357,Boone Jenner,357,8
358,Brian Gionta,358,4
359,Chris Higgins,359,28
360,Colton Sceviour,360,10
361,Devante Smith-Pelly,361,16
362,Josh Jooris,362,6
363,Vincent Lecavalier,363,22
364,R.J. Umberger,364,22
365,Brooks Laich,365,29
366,Michal Neuvirth,366,22
367,Brandon Sutter,367,28
368,Carter Hutton,368,18
369,Ales Hemsky,369,10
370,Dan Hamhuis,370,28
371,Nikolaj Ehlers,371,30
372,Tomas Fleischmann,372,16
373,Steve Bernier,373,19
374,Al Montoya,374,13
375,Jared Boll,375,8
376,Curtis McElhinney,376,8
377,Chris Neil,377,21
378,Max Talbot,378,3
379,Ben Scrivens,379,12
380,Philipp Grubauer,380,29
381,Jeff Zatkoff,381,23
382,Jhonas Enroth,382,14
383,Dustin Tokarski,383,16
384,Jason Demers,384,10
385,Nick Spaling,385,27
386,Patrick Eaves,386,10
387,Chad Johnson,387,4
388,Reto Berra,388,9
389,Jacob Markstrom,389,28
390,Anders Lindback,390,2
391,Niklas Backstrom,391,15
392,Jeremy Smith,392,3
393,Malcolm Subban,393,3
394,Connor Hellebuyck,394,30
395,Lee Stempniak,395,17
396,Cody McLeod,396,9
397,Mackenzie Skapski,397,20
398,Garret Sparks,398,27
399,Mike Condon,399,16
400,Troy Grosenick,400,24
401,Kristers Gudlevskis,401,26
402,Tom McCollum,402,11
403,Calvin Pickard,403,9
404,Laurent Brossoit,404,12
405,Chris Driedger,405,21
406,Jonas Gustavsson,406,3
407,Anders Nilsson,407,12
408,Richard Bachman,408,28
409,Colin Stevens,409,13
410,Spencer Martin,410,9
411,Jacob Smith,411,20
412,Mason McDonald,412,6
413,Evan Cowley,413,13
414,Brandon Whitney,414,18
415,Ryan Faragher,415,1
416,Nick Schneider,416,6
417,Marek Langhamer,417,2
418,Michael McNiven,418,16
419,Joonas Korpisalo,419,8
420,Jared Coreau,420,11
421,Vitek Vanecek,421,29
422,Mac Carruth,422,7
423,Antoine Bibeau,423,27
424,Connor Ingram,424,11
425,Parker Milner,425,19
426,Anthony Stolarz,426,22
427,John Muse,427,10
428,Matt Murray,428,23
429,Daniel Altshuller,429,5
430,Michael Leighton,430,7
431,Oscar Dansk,431,8
432,Eetu Laurikainen,432,12
433,Joe Cannata,433,28
434,Ty Rimmer,434,12
435,Dustin Carlson,435,8
436,Adin Hill,436,2
437,Ken Appleby,437,17
438,Leland Irving,438,15
439,Scott Wedgewood,439,17
440,Tristan Jarry,440,23
441,Brandon Hope,441,7
442,Evan Smith,442,18
443,Stephon Williams,443,19
444,Rasmus Tirronen,444,5
445,Brendan Burke,445,1
446,Allen York,446,26
447,MacKenzie Blackwood,447,17
448,Patrik Bartosak,448,14
449,Brad Thiessen,449,8
450,Christopher Gibson,450,19
451,Taran Kozun,451,29
452,Roman Will,452,9
453,C.J. Motte,453,4
454,David Leggio,454,30
455,Adam Wilcox,455,26
456,Aaron Dell,456,24
457,Matthew Mancina,457,11
458,Kevin Lalande,458,15
459,Sergei Gayduchenko,459,13
460,Brody Hoffman,460,15
461,Pheonix Copley,461,25
462,Jon Gillies,462,6
463,Jeff Malcolm,463,20
464,Philippe Cadorette,464,26
465,Rob Madore,465,27
466,Mark Dekanich,466,29
467,Juho Olkinuora,467,30
468,Max Lagace,468,10
469,Edward Pasquale,469,16
470,Maximilian Pajpach,470,9
471,Alex Nedeljkovic,471,5
472,Jake Paterson,472,11
473,Tyler Beskorowany,473,2
474,Philippe Desrosiers,474,10
475,Liam Herbst,475,24
476,Niklas Treutle,476,2
477,Jack Flinn,477,14
478,Zachary Fucale,478,16
479,Zane McIntyre,479,3
480,Luke Opilka,480,25
481,Eric Comrie,481,30
482,Jordan Binnington,482,25
483,Daniel Vladar,483,3
484,Sam Brittain,484,13
485,Yann Danis,485,17
486,Matt Ginn,486,3
487,Joel Rumpel,487,24
488,Scott Greenham,488,21
489,Landon Bow,489,1
490,Stephen Michalek,490,15
491,Merrick Madsen,491,22
492,Niklas Lundstrom,492,25
493,Martin Ouellette,493,22
494,Samuel Montembeault,494,13
495,Brandon Halverson,495,20
496,Peter Budaj,496,14
497,Drew MacIntyre,497,5
498,Mark Visentin,498,7
499,Magnus Hellberg,499,20
500,Cedrick Desjardins,500,20
501,Kent Simpson,501,6
502,Andrey Makarov,502,4
503,Jack Campbell,503,10
504,Nathan Lieuwen,504,4
505,Matthew O'Connor,505,21
506,Marek Mazanec,506,18
507,Dan Ellis,507,29
508,Louis Domingue,508,2
509,Juuse Saros,509,18
510,Jason LaBarbera,510,22
511,Jean-Francois Berube,511,19
512,Mike McKenna,512,13
513,Dale Weise,513,16
514,Kevin Poulin,514,6
515,Joni Ortio,515,6
516,Linus Ullmark,516,4
517,Francois Beauchemin,517,9
518,Matt Hackett,518,1
519,Martin Hanzal,519,2
520,Anton Forsberg,520,8
521,Justin Peters,521,29
522,Tom Wilson,522,29
523,Blake Comeau,523,9
524,Brandon Prust,524,28
525,Jason Chimera,525,29
526,Lars Eller,526,16
527,Daniel Winnik,527,27
528,Ray Emery,528,26
529,Matt Martin,529,19
530,Rickard Rakell,530,1
531,Jason Zucker,531,15
532,Brian Boyle,532,26
533,Vincent Trocheck,533,13
534,Nathan Gerbe,534,5
535,Justin Braun,535,24
536,Leo Komarov,536,27
537,Shawn Horcoff,537,1
538,Vernon Fiddler,538,10
539,Jeff Petry,539,16
540,Ryan Garbutt,540,7
541,Mikael Backlund,541,6
542,Michael Stone,542,2
543,Kevin Bieksa,543,1
544,Nikolay Kulemin,544,19
545,Mikhail Grabovski,545,19
546,Dylan Larkin,546,11
547,Cal Clutterbuck,547,19
548,Tanner Pearson,548,14
549,Kevin Connauton,549,8
550,Artemi Panarin,550,7
551,Eric Gryba,551,12
552,Eric Fehr,552,23
553,Tobias Rieder,553,2
554,Eric Gelinas,554,17
555,Barret Jackman,555,18
556,Jarret Stoll,556,20
557,Jonathan Ericsson,557,11
558,Brett Connolly,558,3
559,Dominic Moore,559,20
560,David Jones,560,6
561,Kyle Clifford,561,14
562,Nathan Beaulieu,562,16
563,Erik Condra,563,26
564,Dave Bolland,564,13
565,Karl Alzner,565,29
566,Jordin Tootoo,566,17
567,Chris Thorburn,567,30
568,Joe Colborne,568,6
569,Mike Santorelli,569,1
570,Brendan Smith,570,11
571,John Mitchell,571,9
572,Yannick Weber,572,28
573,Trevor Lewis,573,14
574,J.T. Brown,574,26
575,Scott Gomez,575,25
576,Shawn Matthias,576,27
577,Brad Richardson,577,2
578,Brenden Dillon,578,24
579,Marc Methot,579,21
580,Matt Calvert,580,8
581,Kyle Quincey,581,11
582,Casey Cizikas,582,19
583,Erik Gudbranson,583,13
584,Matt Hendricks,584,12
585,Nick Holden,585,9
586,Dmitry Kulikov,586,13
587,Ian Cole,587,23
588,Gregory Campbell,588,8
589,Mark Borowiecki,589,21
590,Matt Nieto,590,24
591,Marcus Foligno,591,4
592,Mark Stuart,592,30
593,Chris Kelly,593,3
594,John Moore,594,17
595,Leon Draisaitl,595,12
596,Cody Ceci,596,21
597,Vladislav Namestnikov,597,26
598,Teemu Pulkkinen,598,11
599,Calvin de Haan,599,19
600,Adam McQuaid,600,3
601,Lance Bouma,601,6
602,Teuvo Teravainen,602,7
603,Ben Lovejoy,603,23
604,Dmitrij Jaskin,604,25
605,Damon Severson,605,17
606,Adam Lowry,606,30
607,Tom Gilbert,607,16
608,Alexei Emelin,608,16
609,Johnny Oduya,609,10
610,Clayton Stoner,610,1
611,Torrey Mitchell,611,16
612,Brandon Bollig,612,6
613,Oscar Lindberg,613,20
614,Brooks Orpik,614,29
615,Calle Jarnkrok,615,18
616,Jamie McGinn,616,4
617,Derek MacKenzie,617,13
618,Zac Rinaldo,618,3
619,Carl Gunnarsson,619,25
620,Jay Beagle,620,29
621,Patrick Wiercioch,621,21
622,Simon Despres,622,1
623,Paul Martin,623,24
624,Andre Burakovsky,624,29
625,Cody Hodgson,625,18
626,Ryan Carter,626,15
627,Anthony Duclair,627,2
628,Zack Smith,628,21
629,Kyle Chipchura,629,2
630,Derek Roy,630,29
631,Colton Parayko,631,25
632,Jordie Benn,632,10
633,David Clarkson,633,8
634,Kevan Miller,634,3
635,Brad Malone,635,5
636,Cedric Paquette,636,26
637,Luke Glendening,637,11
638,Kyle Brodziak,638,25
639,Marcus Kruger,639,7
640,Christopher Tanev,640,28
641,Melker Karlsson,641,24
642,Riley Nash,642,5
643,John-Michael Liles,643,5
644,Braydon Coburn,644,26
645,Brian Flynn,645,16
646,Andrej Sustr,646,26
647,Ryan Murray,647,8
648,Mark Arcobello,648,27
649,Matt Bartkowski,649,28
650,Radko Gudas,650,22
651,Robert Bortuzzo,651,25
652,Paul Gaustad,652,18
653,Dwight King,653,14
654,Bo Horvat,654,28
655,Matt Stajan,655,6
656,Jiri Sekac,656,1
657,Ryan White,657,22
658,Ryan Reaves,658,25
659,Beau Bennett,659,23
660,Viktor Stalberg,660,20
661,Erik Haula,661,15
662,Sean Bergenheim,662,15
663,Jacob Josefson,663,17
664,Thomas Hickey,664,19
665,Anthony Peluso,665,30
666,Tomas Jurco,666,11
667,Zack Kassian,667,16
668,Stephen Gionta,668,17
669,Chris Tierney,669,24
670,Mark Letestu,670,12
671,Colin Miller,671,3
672,Nicklas Grossmann,672,2
673,Jared Cowen,673,21
674,Roman Polak,674,27
675,Nate Thompson,675,1
676,Curtis Lazar,676,21
677,Fedor Tyutin,677,8
678,Valeri Nichushkin,678,10
679,Andrej Nestrasil,679,5
680,Matt Hunwick,680,27
681,Luke Schenn,681,22
682,Luca Sbisa,682,28
683,Paul Byron,683,16
684,Pascal Dupuis,684,23
685,Zach Redmond,685,9
686,Shawn Thornton,686,13
687,Willie Mitchell,687,13
688,Dennis Seidenberg,688,3
689,Jordan Nolan,689,14
690,Zbynek Michalek,690,2
691,Michael Latta,691,29
692,Scott Laughton,692,22
693,Chris VandeVelde,693,22
694,Chris Terry,694,5
695,Ron Hainsey,695,5
696,Pierre-Edouard Bellemare,696,22
697,Gabriel Bourque,697,18
698,Cody Goloubef,698,8
699,Lauri Korpikoski,699,12
700,Jesper Fast,700,20
701,John Scott,701,2
702,Jamie McBain,702,14
703,Eric Nystrom,703,18
704,Deryk Engelland,704,6
705,David Schlemko,705,17
706,Ryan Murphy,706,5
707,Drew Miller,707,11
708,Sam Reinhart,708,4
709,Nick Schultz,709,22
710,Johan Larsson,710,4
711,Andrew Desjardins,711,7
712,Rob Scuderi,712,23
713,Rene Bourque,713,8
714,Tanner Glass,714,20
715,James Sheppard,715,8
716,Boyd Gordon,716,2
717,Jay McClement,717,5
718,Matt Greene,718,14
719,Nicolas Deslauriers,719,4
720,Richard Panik,720,27
721,Jay Harrison,721,30
722,Andrew MacDonald,722,22
723,Tim Jackman,723,1
724,Barclay Goodrow,724,24
725,Jack Skille,725,9
726,Linden Vey,726,28
727,Sergei Gonchar,727,23
728,Tyler Kennedy,728,17
729,Nate Prosser,729,15
730,Ryan Stanton,730,29
731,Dainius Zubrus,731,24
732,Tuomo Ruutu,732,17
733,Andy Andreoff,733,14
734,Nick Shore,734,14
735,Alexander Wennberg,735,8
736,Adam Pardy,736,30
737,Mattias Janmark,737,10
738,Connor Murphy,738,2
739,Dalton Prout,739,8
740,David Booth,740,13
741,Markus Granlund,741,6
742,Jared McCann,742,28
743,Nikita Zadorov,743,9
744,Ben Smith,744,24
745,Brandon Manning,745,22
746,Brian Strait,746,19
747,Bobby Farnham,747,17
748,Mikhail Grigorenko,748,9
749,Shayne Gostisbehere,749,22
750,Dmitry Orlov,750,29
751,Joakim Andersson,751,11
752,Ben Chiarot,752,30
753,Mike Brown,753,24
754,Jan Hejda,754,7
755,Sven Baertschi,755,28
756,Nate Schmidt,756,29
757,Andrej Meszaros,757,9
758,Nikita Nesterov,758,26
759,Matt Tennyson,759,24
760,Martin Havlat,760,25
761,Rob Klinkhammer,761,12
762,Jyrki Jokipakka,762,10
763,Michal Rozsival,763,7
764,Joonas Donskoi,764,24
765,Carlo Colaiacovo,765,4
766,Christian Folin,766,15
767,Taylor Beck,767,19
768,Luke Gazdic,768,12
769,Nate Guenin,769,9
770,Jamie Oleksiak,770,10
771,Stephane Robidas,771,27
772,Josh Gorges,772,4
773,Chris Butler,773,25
774,Micheal Ferland,774,6
775,Jeremy Morin,775,7
776,Tyler Randell,776,3
777,Alex Petrovic,777,13
778,Mike Weber,778,4
779,Zach Sill,779,29
780,Noah Hanifin,780,5
781,Chris Wagner,781,9
782,Zach Trotman,782,3
783,Jon Merrill,783,17
784,Matt Cooke,784,15
785,Brad Stuart,785,9
786,Joe Vitale,786,2
787,Robby Fabbri,787,25
788,Nikita Nikitin,788,12
789,Shane Prince,789,21
790,Jordan Schroeder,790,15
791,Quinton Howden,791,13
792,Andrew Ference,792,12
793,Travis Moen,793,10
794,Emerson Etem,794,20
795,Adam Cracknell,795,28
796,Daniel Paille,796,7
797,Patrick Dwyer,797,2
798,Brett Bellemore,798,20
799,Corey Tropp,799,7
800,Alex Burmistrov,800,30
801,Tim Gleason,801,5
802,Mark Fraser,802,21
803,Matt Halischuk,803,30
804,Adam Clendening,804,23
805,Josh Manson,805,1
806,Viktor Arvidsson,806,18
807,Brett Ritchie,807,10
808,Evgeny Medvedev,808,22
809,Brandon Davidson,809,12
810,Tye McGinn,810,26
811,Marc-Andre Cliche,811,9
812,Korbinian Holzer,812,1
813,Dylan Olsen,813,13
814,Ben Hutton,814,28
815,Klas Dahlbeck,815,2
816,Mark Barberio,816,16
817,Jonathan Marchessault,817,26
818,Victor Bartley,818,18
819,Kerby Rychel,819,8
820,Martin Marincin,820,27
821,Colin McDonald,821,22
822,Chris Wideman,822,21
823,Matt Fraser,823,30
824,Sergei Plotnikov,824,23
825,Jordan Martinook,825,2
826,Brian Dumoulin,826,23
827,Keith Aulie,827,2
828,William Karlsson,828,8
829,Andre Benoit,829,25
830,Sven Andrighetto,830,16
831,Steven Kampfer,831,13
832,Raphael Diaz,832,20
833,Landon Ferraro,833,3
834,Colin Greening,834,21
835,Trevor van Riemsdyk,835,7
836,Jake Virtanen,836,28
837,Austin Watson,837,18
838,Frank Vatrano,838,3
839,Paul Postma,839,30
840,Chris Phillips,840,21
841,Magnus Paajarvi,841,25
842,Joel Edmundson,842,25
843,Andrew Copp,843,30
844,Connor Brickley,844,13
845,Chris Porter,845,15
846,Seth Griffith,846,3
847,Ronalds Kenins,847,28
848,Michael Bournival,848,16
849,Dylan McIlrath,849,20
850,Joakim Nordstrom,850,5
851,Curtis McKenzie,851,10
852,Brian Gibbons,852,20
853,Iiro Pakarinen,853,12
854,Matt Puempel,854,21
855,Tim Erixon,855,23
856,Cody McCormick,856,4
857,Mark Pysyk,857,4
858,Stefan Elliott,858,2
859,Eric Boulton,859,19
860,Michael Chaput,860,8
861,Radek Faksa,861,10
862,Mark Fayne,862,12
863,Tom Sestito,863,23
864,Grant Clitsome,864,30
865,Dennis Everberg,865,9
866,Colton Sissons,866,18
867,Andreas Martinsen,867,9
868,Ryane Clowe,868,17
869,Jake McCabe,869,4
870,Michal Jordan,870,5
871,Petteri Lindbohm,871,25
872,Brett Pesce,872,5
873,Matt Donovan,873,4
874,Stu Bickel,874,25
875,Craig Cunningham,875,2
876,Byron Froese,876,27
877,Sergey Kalinin,877,17
878,Zach Boychuk,878,5
879,Joe Morrow,879,3
880,Liam O'Brien,880,29
881,Erik Gustafsson,881,7
882,Tanner Kero,882,7
883,Miikka Salomaki,883,18
884,Taylor Chorney,884,29
885,Micheal Haley,885,24
886,Rich Clune,886,27
887,Brandon Gormley,887,9
888,Mike Weaver,888,16
889,Daniel Sprong,889,23
890,Jacob De La Rose,890,16
891,Viktor Svedberg,891,7
892,Stefan Matteau,892,17
893,Christian Thomas,893,16
894,Brian Lashoff,894,11
895,Seth Helgeson,895,17
896,Xavier Ouellet,896,11
897,Stanislav Galiev,897,29
898,Bryan Rust,898,23
899,Griffin Reinhart,899,12
900,Brian McGrattan,900,1
901,Dustin Jeffrey,901,2
902,Patrick Bordeleau,902,9
903,Patrik Nemeth,903,10
904,Taylor Fedun,904,28
905,Eric O'Dell,905,21
906,Matt Carkner,906,19
907,Greg Pateryn,907,16
908,Patrick Kaleta,908,4
909,Jesse Winchester,909,9
910,Jayson Megna,910,20
911,Jordan Caron,911,25
912,Alexey Marchenko,912,11
913,Devin Setoguchi,913,27
914,Luke Witkowski,914,26
915,Josh Anderson,915,8
916,Michael Kostka,916,21
917,Ty Rattie,917,25
918,Sam Carrick,918,27
919,Tim Schaller,919,4
920,Daniel Cleary,920,11
921,Mirco Mueller,921,24
922,Rocco Grimaldi,922,13
923,Nikolay Goldobin,923,24
924,Lucas Lessio,924,2
925,Kurtis Gabriel,925,15
926,Jarred Tinordi,926,16
927,Joonas Kemppainen,927,3
928,Eric Tangradi,928,11
929,Alex Biega,929,28
930,Derek Forbort,930,14
931,Brett Sutter,931,15
932,Jaccob Slavin,932,5
933,Reid Boucher,933,17
934,Andrew Miller,934,12
935,Peter Harrold,935,25
936,Brandon Mashinter,936,7
937,Brian O'Neill,937,17
938,Matt Frattin,938,27
939,Paul Bissonnette,939,14
940,Steve Oleksy,940,23
941,Logan Shaw,941,13
942,Andreas Athanasiou,942,11
943,Sheldon Brookbank,943,1
944,Nic Petan,944,30
945,Ladislav Smid,945,6
946,Jujhar Khaira,946,12
947,Ben Street,947,9
948,Chad Ruhwedel,948,4
949,Phillip Di Giuseppe,949,5
950,Stuart Percy,950,27
951,Jay Rosehill,951,22
952,Chris Brown,952,29
953,Joey Hishon,953,9
954,Mat Clark,954,9
955,Bryan Lerg,955,24
956,Tyler Pitlick,956,12
957,Daniel Carr,957,16
958,Frazer McLaren,958,24
959,Drew Shore,959,6
960,Chris Mueller,960,1
961,Brendan Shinnimin,961,2
962,Michael Sgarbossa,962,1
963,Kevin Porter,963,23
964,Casey Bailey,964,27
965,Andrew Bodnarchuk,965,8
966,Mark Fistric,966,1
967,Paul Carey,967,29
968,Chris Conner,968,22
969,Justin Falk,969,8
970,Zac Dalpe,970,15
971,Josh Leivo,971,27
972,David Warsofsky,972,23
973,Dennis Rasmussen,973,7
974,Brett Bulmer,974,15
975,Sean Collins,975,29
976,Jason Akeson,976,4
977,Max McCormick,977,21
978,Shane O'Brien,978,1
979,Mike Angelidis,979,26
980,Borna Rendulic,980,9
981,Nicklas Jensen,981,28
982,Jordan Szwarz,982,2
983,Tyson Strachan,983,15
984,Joel Vermin,984,26
985,Jeff Schultz,985,14
986,Nick Cousins,986,22
987,Travis Morin,987,10
988,Phil Varone,988,4
989,Petr Straka,989,22
990,Garrett Wilson,990,13
991,Mike Sislo,991,17
992,Devin Shore,992,10
993,Mike Halmo,993,19
994,Karl Stollery,994,24
995,Brendan Gaunce,995,28
996,Brad Hunt,996,12
997,Ryan Hartman,997,7
998,Corey Potter,998,2
999,Petter Granberg,999,18
1000,Vincent Hinostroza,1000,7
1001,Bracken Kearns,1001,19
1002,Viktor Tikhonov,1002,2
1003,Scott Harrington,1003,27
1004,Matt Ellis,1004,4
1005,James Wright,1005,19
1006,Raffi Torres,1006,24
1007,Andrew Agozzino,1007,9
1008,Kael Mouillierat,1008,23
1009,Connor Carrick,1009,29
1010,Luke Adam,1010,20
1011,Cameron Schilling,1011,7
1012,Jeremy Welsh,1012,25
1013,Emile Poirier,1013,6
1014,Brian Ferlin,1014,3
1015,Adam Pelech,1015,19
1016,Justin Hodgman,1016,25
1017,Patrice Cormier,1017,30
1018,Andrew MacWilliam,1018,30
1019,Brett Kulak,1019,6
1020,Dave Dziurzynski,1020,21
1021,Philip Samuelsson,1021,2
1022,Alexandre Grenier,1022,28
1023,Eriah Hayes,1023,25
1024,David Musil,1024,12
1025,T.J. Brennan,1025,27
1026,Cody Bass,1026,18
1027,Freddie Hamilton,1027,6
1028,Andy Miele,1028,11
1029,Keegan Lowe,1029,5
1030,Kevin Czuczman,1030,19
1031,Derek Grant,1031,6
1032,Michael Paliotta,1032,8
1033,Brock McGinn,1033,5
1034,Taylor Leier,1034,22
1035,Christoph Bertschy,1035,15
1036,Justin Shugg,1036,5
1037,Brett Gallant,1037,8
1038,Mike Blunden,1038,26
1039,Alex Grant,1039,2
1040,Harry Zolnierczyk,1040,1
1041,Ryan Wilson,1041,6
1042,John McCarthy,1042,24
1043,Chris Breen,1043,3
1044,Cameron Gaunce,1044,13
1045,Ryan Hamilton,1045,12
1046,Chris Summers,1046,20
1047,Raman Hrabarenka,1047,17
1048,Anthony Bitetto,1048,18
1049,Pierre-Cedric Labrie,1049,7
1050,David Broll,1050,26
1051,Justin Florek,1051,19
1052,Conor Allen,1052,18
1053,Dylan DeMelo,1053,24
1054,Louis Leblanc,1054,19
1055,Matt Taormina,1055,26
1056,Corban Knight,1056,13
1057,Ken Agostino,1057,6
1058,Matt Lindblad,1058,20
1059,Joey Crabb,1059,2
1060,Joe Whitney,1060,19
1061,Tommy Cross,1061,3
1062,Slater Koekkoek,1062,26
1063,Bud Holloway,1063,16
1064,Gustav Olofsson,1064,15
1065,Brandon DeFazio,1065,3
1066,Phillip Danault,1066,7
1067,Maxime Fortunus,1067,15
1068,Max Friberg,1068,1
1069,Scott Mayfield,1069,19
1070,Aaron Ness,1070,29
1071,Greg McKegg,1071,13
1072,Colin Smith,1072,9
1073,Bryce Van Brabant,1073,6
1074,Kyle Cumiskey,1074,7
1075,Ryan Sproul,1075,11
1076,Ryan Craig,1076,8
1077,Pierre-Luc Letourneau-Leblond,1077,17
1078,Joe Piskula,1078,1
1079,Adam Marsh,1079,11
1080,Reid Petryk,1080,9
1081,John McFarland,1081,13
1082,Chase Lang,1082,15
1083,Patrick Mullen,1083,21
1084,Steven Lorentz,1084,5
1085,Mathieu Joseph,1085,26
1086,Joakim Ryan,1086,24
1087,Brandon Alderson,1087,22
1088,Austyn Playfair,1088,2
1089,Josh Winquist,1089,12
1090,Tom Kostopoulos,1090,23
1091,MacKenze Stewart,1091,28
1092,Jaden Lindo,1092,23
1093,Duncan Siemens,1093,9
1094,Joe Hicketts,1094,11
1095,John Negrin,1095,28
1096,Zach Nastasiuk,1096,11
1097,Zach Pochiro,1097,25
1098,Hunter Shinkaruk,1098,28
1099,Trevor Cox,1099,29
1100,Alex Friesen,1100,28
1101,Alexander Delnov,1101,13
1102,Chris Crane,1102,24
1103,Mike Reilly,1103,15
1104,Colin Jacobs,1104,4
1105,Tyrell Goulbourne,1105,22
1106,Zack Mitchell,1106,15
1107,Dakota Mermis,1107,2
1108,Mitchell Marner,1108,27
1109,Giorgio Estephan,1109,4
1110,Evan Rodrigues,1110,4
1111,Conor Garland,1111,2
1112,Joshua Jacobs,1112,17
1113,Tim Brent,1113,22
1114,Kristian Nakyva,1114,18
1115,Tommy Hughes,1115,20
1116,Chris Bigras,1116,9
1117,Alex Peters,1117,10
1118,Dustin Stevenson,1118,6
1119,Bobby Sanguinetti,1119,4
1120,Graham Black,1120,17
1121,Nikita Jevpalovs,1121,24
1122,Jarett Meyer,1122,11
1123,Dan Kelly,1123,17
1124,Michael Downing,1124,13
1125,Blake Coleman,1125,17
1126,Ben Johnson,1126,17
1127,T.J. Tynan,1127,8
1128,Brad Morrison,1128,20
1129,Max Gortz,1129,18
1130,Nikita Scherbak,1130,16
1131,Alexandre Alain,1131,1
1132,Justin Dowling,1132,10
1133,Dan Catenacci,1133,4
1134,Trevor Cheek,1134,9
1135,Darren Dietz,1135,16
1136,Oskar Sundqvist,1136,23
1137,Esa Lindell,1137,10
1138,Justin Kirkland,1138,18
1139,Anthony Deangelo,1139,26
1140,Justin Lemcke,1140,11
1141,Matthias Plachta,1141,2
1142,Vincent Dunn,1142,21
1143,Brady Skjei,1143,20
1144,Phil McRae,1144,12
1145,Kenny Ryan,1145,1
1146,Brian Hart,1146,26
1147,Petter Emanuelsson,1147,24
1148,Danick Martel,1148,22
1149,Paul Bittner,1149,8
1150,Dmytro Timashov,1150,27
1151,Josh Morrissey,1151,30
1152,Yakov Trenin,1152,18
1153,Tyler Ganly,1153,5
1154,Liam Dunda,1154,25
1155,Mitchell Heard,1155,6
1156,Travis Dermott,1156,27
1157,Jimmy Lodge,1157,30
1158,Robert Hagg,1158,22
1159,Tobias Lindberg,1159,21
1160,Dan O'Donoghue,1160,2
1161,Conor Sheary,1161,23
1162,Ashton Sautner,1162,28
1163,Cole Schneider,1163,21
1164,Nick Moutrey,1164,8
1165,Christian Dvorak,1165,2
1166,Sergey Zborovskiy,1166,20
1167,Ryan Martindale,1167,26
1168,Connor Chatham,1168,17
1169,Chris Rumble,1169,21
1170,Anthony Beauvillier,1170,19
1171,Barry Goers,1171,23
1172,Ludwig Blomstrand,1172,28
1173,Yannick Veilleux,1173,25
1174,Jayce Hawryluk,1174,13
1175,Justin Bailey,1175,4
1176,Derek Hulak,1176,10
1177,Derek Mathers,1177,22
1178,Kyle Rau,1178,13
1179,Jonathan-Ismael Diaby,1179,18
1180,Jeff Tambellini,1180,26
1181,Viktor Loov,1181,27
1182,Daultan Leveille,1182,21
1183,Dustin Gazley,1183,29
1184,Matt Mangene,1184,10
1185,Brenden Kichton,1185,30
1186,Travis Sanheim,1186,22
1187,Jeff Hoggan,1187,11
1188,Markus Eisenschmid,1188,16
1189,Ruslan Fedotenko,1189,15
1190,Tom Nilsson,1190,19
1191,Anton Cederholm,1191,28
1192,Matteo Gennaro,1192,30
1193,Christopher Wilkie,1193,13
1194,Jake Marchment,1194,14
1195,Matthew Mistele,1195,14
1196,Zach O'Brien,1196,25
1197,Austin Madaisky,1197,8
1198,Roland McKeown,1198,5
1199,Kole Sherwood,1199,8
1200,Travis Konecny,1200,22
1201,Ross Johnston,1201,19
1202,Patrick Shea,1202,13
1203,Charlie Dodero,1203,26
1204,Austin Fyten,1204,29
1205,Brendan Perlini,1205,2
1206,Lucas Wallmark,1206,5
1207,Mikael Wikstrand,1207,21
1208,Spiro Goulakos,1208,4
1209,J.C. Beaudin,1209,9
1210,Mark McNeill,1210,7
1211,Rob Flick,1211,13
1212,Luke Philp,1212,22
1213,Travis Boyd,1213,29
1214,Nick Mattson,1214,7
1215,Alex Roach,1215,14
1216,Julius Honka,1216,10
1217,Rasmus Andersson,1217,6
1218,Michael Dal Colle,1218,19
1219,Julien Pelletier,1219,8
1220,Hayden McCool,1220,7
1221,Jason Dickinson,1221,10
1222,Cole Ully,1222,10
1223,Dennis Robertson,1223,7
1224,Riley Barber,1224,29
1225,Ben Thomas,1225,26
1226,Brett Lernout,1226,16
1227,Haydn Fleury,1227,5
1228,Alex Guptill,1228,21
1229,Damir Sharipzyanov,1229,14
1230,Mason Geertsen,1230,9
1231,Spencer Watson,1231,14
1232,Andrew O'Brien,1232,1
1233,Marcus Crawford,1233,21
1234,Alexis Pepin,1234,9
1235,Radel Fazleev,1235,22
1236,Valentin Zykov,1236,14
1237,Grayson Downing,1237,15
1238,Axel Blomqvist,1238,30
1239,Vili Saarijarvi,1239,11
1240,Nick Tarnasky,1240,20
1241,Sam Warning,1241,15
1242,Samuel Noreau,1242,20
1243,Chad Nehring,1243,20
1244,Blake Siebenaler,1244,8
1245,Greg Carey,1245,2
1246,Laurent Dauphin,1246,2
1247,Michael Spacek,1247,30
1248,Joey Leach,1248,29
1249,Shea Theodore,1249,1
1250,Calle Andersson,1250,20
1251,Steve Moses,1251,18
1252,Evan McEneny,1252,28
1253,Connor Crisp,1253,16
1254,Karch Bachman,1254,13
1255,Veeti Vainio,1255,8
1256,Will O'Neill,1256,23
1257,Cole Wilson,1257,29
1258,Ondrej Kase,1258,1
1259,Ryan Dzingel,1259,21
1260,Richard Nejezchleb,1260,20
1261,Chase De Leo,1261,30
1262,Chris McCarthy,1262,20
1263,Cason Hohmann,1263,4
1264,Evan Trupp,1264,25
1265,R.J. Boyd,1265,13
1266,Austin Carroll,1266,6
1267,Henri Ikonen,1267,26
1268,Matt Spencer,1268,26
1269,Sergey Tolchinsky,1269,5
1270,Juho Lammikko,1270,13
1271,Blake Pietila,1271,17
1272,Sam Ruopp,1272,8
1273,Matthew Berry,1273,1
1274,Anthony Camara,1274,3
1275,Noel Acciari,1275,3
1276,Reece Scarlett,1276,17
1277,Ryan Tesink,1277,25
1278,Tyler Bertuzzi,1278,11
1279,Radovan Bondra,1279,7
1280,Ryan Pulock,1280,19
1281,Maxim Lamarche,1281,22
1282,Travis Ewanyk,1282,21
1283,Nick Betz,1283,11
1284,Jean-Sebastien Dea,1284,23
1285,Pavel Zacha,1285,17
1286,Miguel Fidler,1286,13
1287,Kevin Elgestal,1287,29
1288,Carter Bancks,1288,28
1289,Jamal Watson,1289,16
1290,MacKenzie Weegar,1290,13
1291,Zach Palmquist,1291,15
1292,Scott Kosmachuk,1292,30
1293,Kevin Gagne,1293,1
1294,Maxim Kitsyn,1294,14
1295,Danny Hobbs,1295,21
1296,Graham Knott,1296,7
1297,Josh Chapman,1297,4
1298,Jesse Graham,1298,19
1299,Nikita Soshnikov,1299,27
1300,Travis Oleksuk,1300,20
1301,Pontus Aberg,1301,18
1302,Noah Juulsen,1302,16
1303,Carter Rowney,1303,23
1304,Colton Hargrove,1304,3
1305,Loic Leduc,1305,19
1306,Julius Nattinen,1306,1
1307,Nathan Paetsch,1307,11
1308,Jaycob Megna,1308,1
1309,Marek Tvrdon,1309,11
1310,Brady Austin,1310,4
1311,Reid McNeill,1311,23
1312,Jacob Doty,1312,25
1313,Dillon Fournier,1313,7
1314,Carter Verhaeghe,1314,19
1315,Ryan Lomberg,1315,6
1316,Troy Rutkowski,1316,21
1317,Christian Djoos,1317,29
1318,Travis Brown,1318,16
1319,John Quenneville,1319,17
1320,Tyler Biggs,1320,23
1321,Garrett Meurs,1321,9
1322,Morgan Ellis,1322,16
1323,Kyle MacKinnon,1323,1
1324,Cristiano Digiacinto,1324,26
1325,Danny Kristo,1325,25
1326,Garrett Noonan,1326,18
1327,Marc Hagel,1327,15
1328,Joe Wegwerth,1328,13
1329,Matthew Zay,1329,21
1330,Garret Ross,1330,7
1331,Hunter Warner,1331,15
1332,Hubert Labrie,1332,9
1333,Brendan Leipsic,1333,27
1334,Max Sauve,1334,29
1335,Julius Bergman,1335,24
1336,Chase Balisy,1336,13
1337,Vincent LoVerde,1337,14
1338,Michael Bunting,1338,2
1339,Carter Rigby,1339,15
1340,Matt Prapavessis,1340,4
1341,Samuel Dove-McFalls,1341,22
1342,Joey LaLeggia,1342,12
1343,Colton White,1343,17
1344,Zach Senyshyn,1344,3
1345,Patrick Sieloff,1345,6
1346,Marco Roy,1346,12
1347,Matt Finn,1347,19
1348,Garnet Hathaway,1348,6
1349,Ben Holmstrom,1349,19
1350,Glenn Gawdin,1350,25
1351,Matt Schmalz,1351,14
1352,Jakub Nakladal,1352,6
1353,Troy Donnay,1353,20
1354,Thomas Raffl,1354,30
1355,Greg Chase,1355,12
1356,Carter Camper,1356,29
1357,Wacey Hamilton,1357,28
1358,Dylan Sadowy,1358,24
1359,Jeremy Lauzon,1359,3
1360,Derek Ryan,1360,5
1361,Steven Delisle,1361,2
1362,Nicolas Blanchard,1362,16
1363,Sebastian Collberg,1363,19
1364,Chris Carlisle,1364,21
1365,Ben Betker,1365,12
1366,Felix Girard,1366,18
1367,Brady Brassart,1367,15
1368,Oleg Yevenko,1368,8
1369,Clark Bishop,1369,5
1370,Dominic Turgeon,1370,11
1371,Christian Marti,1371,22
1372,Braden Christoffer,1372,12
1373,Jaedon Descheneau,1373,25
1374,Charlie Sarault,1374,1
1375,Mattias Ohlund,1375,26
1376,Keegan Kolesar,1376,8
1377,Emil Molin,1377,10
1378,Ryan MacInnis,1378,2
1379,Jonny Brodzinski,1379,14
1380,Alex Carrier,1380,18
1381,Eric Neiley,1381,3
1382,Jonas Siegenthaler,1382,29
1383,Wade Megan,1383,13
1384,Trevor Murphy,1384,18
1385,Pavel Jenys,1385,15
1386,Michael Mersch,1386,14
1387,Max Iafrate,1387,3
1388,Jared Walsh,1388,14
1389,Alex Broadhurst,1389,8
1390,Chris Bourque,1390,29
1391,Paul Thompson,1391,17
1392,Dennis Yan,1392,26
1393,Fredrik Claesson,1393,21
1394,Adam Erne,1394,26
1395,Kenney Morrison,1395,6
1396,Anthony Richard,1396,18
1397,Brandon Burlon,1397,17
1398,Marek Hrivik,1398,20
1399,Harrison Ruopp,1399,23
1400,Scott Wilson,1400,23
1401,Guillaume Brisebois,1401,28
1402,Hunter Smith,1402,6
1403,Dominik Masin,1403,26
1404,Jordan Subban,1404,28
1405,Alan Quine,1405,19
1406,Carter Sandlak,1406,5
1407,Marc Savard,1407,13
1408,Adam Musil,1408,25
1409,Justin Hickman,1409,3
1410,Ben Sexton,1410,3
1411,Guillaume Gelinas,1411,15
1412,Ben Youds,1412,3
1413,Justin Kea,1413,4
1414,Thomas Schemitsch,1414,13
1415,Linus Arnesson,1415,3
1416,J.C. Lipon,1416,30
1417,Jake DeBrusk,1417,3
1418,Nick Tuzzolino,1418,21
1419,Vitaly Vishnevski,1419,1
1420,Scott Czarnowczan,1420,11
1421,Dane Fox,1421,28
1422,Maxim Noreau,1422,9
1423,Christian Fischer,1423,2
1424,Tyler Barnes,1424,19
1425,Nathan Noel,1425,1
1426,Jacob Sweeney,1426,17
1427,Mat Bodie,1427,20
1428,Joseph Blandisi,1428,17
1429,Cal O'Reilly,1429,4
1430,Kirill Kabanov,1430,20
1431,Mike Liambas,1431,7
1432,Nolan Valleau,1432,7
1433,Samuel Laberge,1433,14
1434,Connor Rankin,1434,12
1435,Nick Luukko,1435,22
1436,Patrick Cannone,1436,25
1437,Anton Zlobin,1437,23
1438,Jalen Chatfield,1438,11
1439,Phil Myers,1439,22
1440,Cavan Fitzgerald,1440,24
1441,Niko Mikkola,1441,25
1442,Austin Czarnik,1442,3
1443,Parker Wotherspoon,1443,19
1444,Dysin Mayo,1444,2
1445,Alex Lintuniemi,1445,14
1446,Cole Cassels,1446,28
1447,Michael Amadio,1447,14
1448,Gus Young,1448,24
1449,Alexandre Goulet,1449,17
1450,Samuel Morin,1450,22
1451,Brennan Serville,1451,30
1452,Antoine Laganiere,1452,1
1453,Joseph Cramarossa,1453,1
1454,Niclas Andersen,1454,23
1455,Pavel Padakin,1455,22
1456,Anthony Cirelli,1456,26
1457,Garrett Mitchell,1457,29
1458,Markus Hannikainen,1458,8
1459,John Kurtz,1459,28
1460,Ivan Provorov,1460,22
1461,Antti Pihlstrom,1461,8
1462,Jayden Hart,1462,20
1463,Olivier Leblanc,1463,8
1464,Frankie Simonelli,1464,3
1465,Matt Buckles,1465,13
1466,Madison Bowey,1466,29
1467,Cody Corbett,1467,9
1468,Aaron Haydon,1468,10
1469,Joey Mormina,1469,26
1470,Dillon Heatherington,1470,8
1471,Justin Auger,1471,14
1472,Remi Elie,1472,10
1473,Mikko Vainonen,1473,18
1474,Ryan Penny,1474,21
1475,Sam Henley,1475,9
1476,Mitchell Stephens,1476,26
1477,Tanner Eberle,1477,15
1478,Filip Chlapik,1478,21
1479,Aaron Irving,1479,18
1480,Kyle Burroughs,1480,19
1481,William Carrier,1481,4
1482,Mac Bennett,1482,16
1483,Matthew Peca,1483,26
1484,Lawson Crouse,1484,13
1485,Vladislav Kamenev,1485,18
1486,Chris DeSousa,1486,7
1487,Ty Stanton,1487,11
1488,Kyle Jenkins,1488,5
1489,Stefan Fournier,1489,16
1490,Dmitrii Sergeev,1490,25
1491,Martin Gernat,1491,12
1492,Reid Duke,1492,15
1493,Alex Wideman,1493,21
1494,Kasperi Kapanen,1494,27
1495,Nathan Walker,1495,29
1496,Kevin Gibson,1496,26
1497,C.J. Yakimowicz,1497,25
1498,Nicholas Baptiste,1498,4
1499,Dylan Blujus,1499,26
1500,Wyatt Johnson,1500,1
1501,Benjamin Gallacher,1501,13
1502,Stephen Johns,1502,10
1503,Ryan Olsen,1503,30
1504,Spencer Smallman,1504,5
1505,Ian McCoshen,1505,13
1506,Gustav Olhaver,1506,9
1507,C.J. Garcia,1507,1
1508,Arturs Kulda,1508,30
1509,Andrew Mangiapane,1509,6
1510,Justin Vaive,1510,19
1511,Blair Riley,1511,6
1512,Gustav Bouramman,1512,15
1513,Gabryel Paquin-Boudreau,1513,24
1514,Yanni Gourde,1514,26
1515,Mattias Backman,1515,10
1516,Alexis Loiseau,1516,12
1517,Bobby Shea,1517,29
1518,Brycen Martin,1518,4
1519,Dane Walters,1519,7
1520,Josiah Didier,1520,16
1521,Matej Stransky,1521,10
1522,Miles Koules,1522,29
1523,Michael St. Croix,1523,20
1524,Kirill Gotovets,1524,7
1525,Michael Sdao,1525,21
1526,Brandon Montour,1526,1
1527,Steven Hodges,1527,13
1528,Jim O'Brien,1528,17
1529,Devante Stephens,1529,4
1530,Mark MacMillan,1530,16
1531,Colby Cave,1531,3
1532,Eric Robinson,1532,18
1533,Oliver Kylington,1533,6
1534,Kurtis MacDermid,1534,14
1535,Nicolas Roy,1535,5
1536,Dylan Strome,1536,2
1537,Sena Acolatse,1537,13
1538,Tyler Lewington,1538,29
1539,Joey Ratelle,1539,24
1540,Rinat Valiev,1540,27
1541,Thomas Vannelli,1541,25
1542,Taylor Aronson,1542,18
1543,Rod Pelley,1543,17
1544,Richard Nedomlel,1544,11
1545,Davis Drewiske,1545,22
1546,Logan Pyett,1546,22
1547,Michael McCarron,1547,16
1548,Peter Stoykewych,1548,30
1549,Kevin Gravel,1549,14
1550,Brett Olson,1550,13
1551,Aaron Johnson,1551,6
1552,Charles Hudon,1552,16
1553,Trevor Carrick,1553,5
1554,Kirill Petrov,1554,19
1555,Trent Vogelhuber,1555,8
1556,Matt Garbowsky,1556,4
1557,Jack Walker,1557,15
1558,Matt Bailey,1558,1
1559,Tim McGauley,1559,29
1560,Andrew Crescenzi,1560,14
1561,Vince Dunn,1561,25
1562,Max Everson,1562,3
1563,Jerome Leduc,1563,4
1564,Anthony Mantha,1564,11
1565,Taylor Peters,1565,10
1566,Konrad Abeltshauser,1566,25
1567,Jaynen Rissling,1567,18
1568,Jared Knight,1568,15
1569,Adam Tambellini,1569,20
1570,Ryan Johnston,1570,16
1571,Julien Nantel,1571,9
1572,Dillon Simpson,1572,12
1573,Ryan Rehill,1573,17
1574,Anton Blidh,1574,3
1575,Frederick Gaudreau,1575,18
1576,T.J. Hensick,1576,5
1577,Johan Alm,1577,18
1578,Keegan Iverson,1578,20
1579,Jared Bethune,1579,15
1580,Joe Pendenza,1580,18
1581,Sergei Boikov,1581,9
1582,Bryan Moore,1582,1
1583,Ivan Barbashev,1583,25
1584,Seth Ambroz,1584,8
1585,Evgeny Svechnikov,1585,11
1586,Nic Dowd,1586,14
1587,Louick Marcotte,1587,6
1588,Lukas Sedlak,1588,8
1589,Ethan Bear,1589,12
1590,Branden Troock,1590,10
1591,Andrew Cherniwchan,1591,3
1592,Joseph Labate,1592,28
1593,Josh Birkholz,1593,13
1594,Vaclav Karabacek,1594,4
1595,Nicolas Aube-Kubel,1595,22
1596,Tom Kuhnhackl,1596,23
1597,Lane Pederson,1597,1
1598,Brent Regner,1598,13
1599,Michael Schumacher,1599,9
1600,Kale Kessy,1600,12
1601,Patrick McNally,1601,24
1602,Robbie Russo,1602,11
1603,Andrew Prochno,1603,11
1604,Jeremy Langlois,1604,24
1605,Daniel Zaar,1605,8
1606,Michael Matheson,1606,13
1607,Jesse Gabrielle,1607,3
1608,Raphael Bussieres,1608,15
1609,Andrew Nielsen,1609,27
1610,Jaime Sifers,1610,8
1611,Chris Casto,1611,3
1612,James Melindy,1612,2
1613,Francis Perron,1613,21
1614,Louis-Marc Aubry,1614,11
1615,Eric Knodel,1615,1
1616,Erik Karlsson,1616,5
1617,Colin Campbell,1617,11
1618,Morgan Klimchuk,1618,6
1619,Tanner Faith,1619,15
1620,Cody Beach,1620,25
1621,Roy Radke,1621,7
1622,Jared Nightingale,1622,11
1623,Zack Phillips,1623,3
1624,Alex Gudbranson,1624,15
1625,Tomas Nosek,1625,11
1626,Daniel Maggio,1626,9
1627,Kodie Curran,1627,20
1628,Gemel Smith,1628,10
1629,Matia Marcantuoni,1629,23
1630,Scott Sabourin,1630,14
1631,Blake Speers,1631,17
1632,Cole Bardreau,1632,22
1633,Brennan Evans,1633,10
1634,Sam Jardine,1634,7
1635,Daniel Walcott,1635,26
1636,Ryan Culkin,1636,6
1637,Dominik Simon,1637,23
1638,Guillaume Lepine,1638,21
1639,Chris McKelvie,1639,17
1640,Rourke Chartier,1640,24
1641,Erik Cernak,1641,14
1642,Ryan Horvat,1642,14
1643,Justin Hache,1643,2
1644,Tanner Richard,1644,26
1645,Josh Nicholls,1645,20
1646,Conner Bleackley,1646,9
1647,Adrian Kempe,1647,14
1648,Josh Wesley,1648,5
1649,Kyle Hagel,1649,5
1650,Vojtech Mozik,1650,17
1651,Caleb Jones,1651,12
1652,Nic Kerdiles,1652,1
1653,Cole Sanford,1653,12
1654,Turner Elson,1654,6
1655,Allan McPherson,1655,4
1656,Mike Moore,1656,29
1657,Evan Polei,1657,11
1658,Sean Backman,1658,14
1659,Brendan Guhle,1659,4
1660,Jeremy Roy,1660,24
1661,Mark Zengerle,1661,11
1662,Brendan Lemieux,1662,30
1663,Dylan Labbe,1663,15
1664,Zack Stortini,1664,21
1665,Nick Merkley,1665,2
1666,Peter Quenneville,1666,8
1667,Dean Kukan,1667,8
1668,Chaz Reddekopp,1668,14
1669,Frederik Gauthier,1669,27
1670,Ryan Carpenter,1670,24
1671,Brett Pollock,1671,10
1672,Dante Salituro,1672,8
1673,Austen Brassard,1673,30
1674,Lukas Sutter,1674,13
1675,Kyle Platzer,1675,12
1676,Keegan Kanzig,1676,6
1677,Josh Archibald,1677,23
1678,Connor Hobbs,1678,29
1679,Jake Chelios,1679,5
1680,Zach Hyman,1680,27
1681,Buddy Robinson,1681,21
1682,Brandon McNally,1682,16
1683,Loik Leveille,1683,12
1684,Joshua Brown,1684,13
1685,Oliver Bjorkstrand,1685,8
1686,Zachary Leslie,1686,14
1687,Andrey Pedan,1687,28
1688,Joel Rechlicz,1688,11
1689,Brayden Point,1689,26
1690,Marc-Andre Gragnani,1690,17
1691,Jakub Vrana,1691,29
1692,Keoni Texeira,1692,29
1693,Connor Brown,1693,27
1694,Mads Eller,1694,10
1695,Kurt Etchegary,1695,11
1696,Jansen Harkins,1696,30
1697,Troy Bourke,1697,9
1698,Jack Dougherty,1698,18
1699,Ben Thomson,1699,17
1700,Jean Dupuy,1700,4
1701,Jake Dotchin,1701,26
1702,Stefan Noesen,1702,1
1703,Stephen Harper,1703,24
1704,Kyle Capobianco,1704,2
1705,Eric Selleck,1705,2
1706,Ryan Graves,1706,20
1707,Jimmy Oligny,1707,18
1708,Martin Frk,1708,11
1709,Cory Kane,1709,10
1710,Daniel Ciampini,1710,7
1711,Jan Kostalek,1711,30
1712,Jordan Schmaltz,1712,25
1713,Joel Hanley,1713,16
1714,Nick Magyar,1714,9
1715,Jack Nevins,1715,4
1716,Spencer Asuchak,1716,25
1717,Brendan Ranford,1717,10
1718,Nicholas Paul,1718,21
1719,Nick Ebert,1719,14
1720,Brandon Carlo,1720,3
1721,Samuel Blais,1721,25
1722,Mitch Callahan,1722,11
1723,Ryan Haggerty,1723,7
1724,Jakub Zboril,1724,3
1725,Austin Wagner,1725,14
1726,Mathew Barzal,1726,19
1727,Caleb Herbert,1727,29
1728,Timo Meier,1728,24
1729,Mitch Moroz,1729,12
1730,Eric Cornel,1730,4
1731,Ludwig Bystrom,1731,10
1732,Thomas Chabot,1732,21
1733,Justin Hamonic,1733,9
1734,Gabriel Beaupre,1734,9
1735,Mathieu Brisebois,1735,7
1736,Matt Lorito,1736,17
1737,Derek DeBlois,1737,29
1738,Erik Burgdoerfer,1738,29
1739,Philippe Paradis,1739,26
1740,Cam Darcy,1740,26
1741,Dalton Thrower,1741,16
1742,Ville Pokka,1742,7
1743,Kevin Raine,1743,14
1744,Ryan Gropp,1744,20
1745,Aaron Harstad,1745,30
1746,Nick Jensen,1746,11
1747,Ben Harpur,1747,21
1748,Shane Harper,1748,13
1749,Jeremy Gregoire,1749,16
1750,Ryan Mantha,1750,20
1751,Kenton Helgesen,1751,1
1752,Nicolas Meloche,1752,9
1753,Jacob Middleton,1753,14
1754,Dmitry Zhukenov,1754,28
1755,Petr Zamorsky,1755,20
1756,Maxwell James,1756,2
1757,Ryan Kujawinski,1757,17
1758,Jesper Pettersson,1758,22
1759,Michael Parks,1759,22
1760,Matt Ford,1760,12
1761,Nelson Nogier,1761,30
1762,Joel Armia,1762,30
1763,Bokondji Imama,1763,26
1764,Tim Bozon,1764,16
1765,Joel Lowry,1765,14
1766,John Albert,1766,30
1767,Jonathan Racine,1767,13
1768,Gabriel Dumont,1768,16
1769,John Ramage,1769,8
1770,Aaron Palushaj,1770,22
1771,Jake Dowell,1771,7
1772,Jamie Devane,1772,18
1773,Julian Melchiori,1773,30
1774,Bill Arnold,1774,6
1775,Yann Sauve,1775,13
1776,Dylan Reese,1776,2
1777,Brendan Woods,1777,5
1778,Kevin Fiala,1778,18
1779,Henrik Samuelsson,1779,2
1780,Blair Jones,1780,28
1781,Mark Cundari,1781,24
1782,Jerry D'Amigo,1782,4
1783,Tyler Graovac,1783,15
1784,Ryan Bourque,1784,20
1785,Bogdan Yakimov,1785,12
1786,Tyler Gaudet,1786,2
1787,Danny Biega,1787,5
1788,Mark Alt,1788,22
1789,Dominik Uher,1789,23
1790,Jordan Oesterle,1790,12
1791,Max Reinhart,1791,18
1792,Andrew Campbell,1792,27
1793,Patrick Brown,1793,5
1794,Michael Keranen,1794,15
1795,Jordan Weal,1795,14
1796,Alex Khokhlachev,1796,3
1797,Tyler Wotherspoon,1797,6
1798,Anton Slepyshev,1798,12
1799,Brody Sutter,1799,5
1800,Jesse Blacker,1800,10
1801,Chandler Stephenson,1801,29
1802,Frank Corrado,1802,27
1803,Rasmus Rissanen,1803,5
1804,Kyle Baun,1804,7
1805,Mikko Rantanen,1805,9